{"cameraMode":{"drawMode":0,"name":"Shaded","section":"Shading Mode"},"sceneLighting":true,"audioPlay":false,"sceneViewState":{"showFog":true,"showMaterialUpdate":true,"showSkybox":true,"showFlares":true,"showImageEffects":true,"showParticleSystems":true},"in2DMode":false,"pivot":{"x":-1073.3333740234375,"y":7.633716583251953,"z":-25.098255157470704},"rotation":{"x":-0.02851244807243347,"y":-0.9643124341964722,"z":0.11658456176519394,"w":-0.23600150644779206},"size":11.060590744018555,"orthographic":false}