{"cameraMode":{"drawMode":0,"name":"Shaded","section":"Shading Mode"},"sceneLighting":false,"audioPlay":false,"sceneViewState":{"showFog":true,"showMaterialUpdate":true,"showSkybox":true,"showFlares":true,"showImageEffects":true,"showParticleSystems":true},"in2DMode":false,"pivot":{"x":4.999999523162842,"y":1.3712003231048585,"z":-127.39131927490235},"rotation":{"x":-0.008383764885365963,"y":0.9841700196266174,"z":-0.1702667474746704,"w":-0.04845986142754555},"size":8.385541915893555,"orthographic":false}