{"cameraMode":{"drawMode":0,"name":"Shaded","section":"Shading Mode"},"sceneLighting":false,"audioPlay":false,"sceneViewState":{"showFog":true,"showMaterialUpdate":true,"showSkybox":true,"showFlares":true,"showImageEffects":true,"showParticleSystems":true},"in2DMode":false,"pivot":{"x":-0.48886144161224368,"y":0.8639764785766602,"z":0.4494978189468384},"rotation":{"x":0.07078223675489426,"y":0.8435398936271668,"z":-0.11483455449342728,"w":0.5198493599891663},"size":2.4157562255859377,"orthographic":false}