{"cameraMode":{"drawMode":0,"name":"Shaded","section":"Shading Mode"},"sceneLighting":true,"audioPlay":false,"sceneViewState":{"showFog":true,"showMaterialUpdate":true,"showSkybox":true,"showFlares":true,"showImageEffects":true,"showParticleSystems":true},"in2DMode":false,"pivot":{"x":380.6543884277344,"y":3.4350085258483888,"z":116.2757339477539},"rotation":{"x":-0.10017678141593933,"y":-0.6132654547691345,"z":0.0788111463189125,"w":-0.7795248627662659},"size":11.900547981262207,"orthographic":false}